Workbook

Sheet Params
A1: Gompertz Parameters (edit these)
A2: A (asymptote, g) | B2: 227
A3: b (displacement) | B3: 3.2
A4: k (rate constant) | B4: 0.2
A6: Notes
A7: L(t) = A * EXP( -EXP( b - k*t ) )
A8: Change A, b, k in cells B2:B4 to fit your cultivar or environment.
A9: Created on: 2025-10-29

Sheet Baseline (Daily)
A1: Day | B1: Target FW (g) - Gompertz | C1: Lower Band (−10%) | D1: Upper Band (+10%)
A2: 0 | B2: =Params!B2*EXP(-EXP(Params!B3 - Params!B4*A2)) -> 5.0313365e-09 | C2: =B2*0.9 -> 4.5282029e-09 | D2: =B2*1.1 -> 5.5344702e-09
A3: 1 | B3: =Params!B2*EXP(-EXP(Params!B3 - Params!B4*A3)) -> 4.2952456e-07 | C3: =B3*0.9 -> 3.8657211e-07 | D3: =B3*1.1 -> 4.7247702e-07
A4: 2 | B4: =Params!B2*EXP(-EXP(Params!B3 - Params!B4*A4)) -> 1.637595e-05 | C4: =B4*0.9 -> 1.4738355e-05 | D4: =B4*1.1 -> 1.8013545e-05
A5: 3 | B5: =Params!B2*EXP(-EXP(Params!B3 - Params!B4*A5)) -> 0.00032269982 | C5: =B5*0.9 -> 0.00029042984 | D5: =B5*1.1 -> 0.0003549698
A6: 4 | B6: =Params!B2*EXP(-EXP(Params!B3 - Params!B4*A6)) -> 0.0037044282 | C6: =B6*0.9 -> 0.0033339854 | D6: =B6*1.1 -> 0.004074871
A7: 5 | B7: =Params!B2*EXP(-EXP(Params!B3 - Params!B4*A7)) -> 0.027321988 | C7: =B7*0.9 -> 0.024589789 | D7: =B7*1.1 -> 0.030054187
A8: 6 | B8: =Params!B2*EXP(-EXP(Params!B3 - Params!B4*A8)) -> 0.14028123 | C8: =B8*0.9 -> 0.12625311 | D8: =B8*1.1 -> 0.15430935
A9: 7 | B9: =Params!B2*EXP(-EXP(Params!B3 - Params!B4*A9)) -> 0.5354234 | C9: =B9*0.9 -> 0.48188106 | D9: =B9*1.1 -> 0.58896574
A10: 8 | B10: =Params!B2*EXP(-EXP(Params!B3 - Params!B4*A10)) -> 1.6030653 | C10: =B10*0.9 -> 1.4427587 | D10: =B10*1.1 -> 1.7633718
A11: 9 | B11: =Params!B2*EXP(-EXP(Params!B3 - Params!B4*A11)) -> 3.9343672 | C11: =B11*0.9 -> 3.5409305 | D11: =B11*1.1 -> 4.3278039
A12: 10 | B12: =Params!B2*EXP(-EXP(Params!B3 - Params!B4*A12)) -> 8.2057333 | C12: =B12*0.9 -> 7.38516 | D12: =B12*1.1 -> 9.0263066
A13: 11 | B13: =Params!B2*EXP(-EXP(Params!B3 - Params!B4*A13)) -> 14.979284 | C13: =B13*0.9 -> 13.481356 | D13: =B13*1.1 -> 16.477213
A14: 12 | B14: =Params!B2*EXP(-EXP(Params!B3 - Params!B4*A14)) -> 24.518038 | C14: =B14*0.9 -> 22.066234 | D14: =B14*1.1 -> 26.969842
A15: 13 | B15: =Params!B2*EXP(-EXP(Params!B3 - Params!B4*A15)) -> 36.701999 | C15: =B15*0.9 -> 33.031799 | D15: =B15*1.1 -> 40.372199
A16: 14 | B16: =Params!B2*EXP(-EXP(Params!B3 - Params!B4*A16)) -> 51.066327 | C16: =B16*0.9 -> 45.959694 | D16: =B16*1.1 -> 56.17296
A17: 15 | B17: =Params!B2*EXP(-EXP(Params!B3 - Params!B4*A17)) -> 66.923305 | C17: =B17*0.9 -> 60.230974 | D17: =B17*1.1 -> 73.615635
A18: 16 | B18: =Params!B2*EXP(-EXP(Params!B3 - Params!B4*A18)) -> 83.508633 | C18: =B18*0.9 -> 75.15777 | D18: =B18*1.1 -> 91.859496
A19: 17 | B19: =Params!B2*EXP(-EXP(Params!B3 - Params!B4*A19)) -> 100.10496 | C19: =B19*0.9 -> 90.094467 | D19: =B19*1.1 -> 110.11546
A20: 18 | B20: =Params!B2*EXP(-EXP(Params!B3 - Params!B4*A20)) -> 116.12068 | C20: =B20*0.9 -> 104.50861 | D20: =B20*1.1 -> 127.73274
A21: 19 | B21: =Params!B2*EXP(-EXP(Params!B3 - Params!B4*A21)) -> 131.12334 | C21: =B21*0.9 -> 118.011 | D21: =B21*1.1 -> 144.23567
A22: 20 | B22: =Params!B2*EXP(-EXP(Params!B3 - Params!B4*A22)) -> 144.83875 | C22: =B22*0.9 -> 130.35487 | D22: =B22*1.1 -> 159.32262
A23: 21 | B23: =Params!B2*EXP(-EXP(Params!B3 - Params!B4*A23)) -> 157.12954 | C23: =B23*0.9 -> 141.41659 | D23: =B23*1.1 -> 172.8425
A24: 22 | B24: =Params!B2*EXP(-EXP(Params!B3 - Params!B4*A24)) -> 167.96503 | C24: =B24*0.9 -> 151.16853 | D24: =B24*1.1 -> 184.76153
A25: 23 | B25: =Params!B2*EXP(-EXP(Params!B3 - Params!B4*A25)) -> 177.39042 | C25: =B25*0.9 -> 159.65138 | D25: =B25*1.1 -> 195.12946
A26: 24 | B26: =Params!B2*EXP(-EXP(Params!B3 - Params!B4*A26)) -> 185.49974 | C26: =B26*0.9 -> 166.94977 | D26: =B26*1.1 -> 204.04972
A27: 25 | B27: =Params!B2*EXP(-EXP(Params!B3 - Params!B4*A27)) -> 192.41435 | C27: =B27*0.9 -> 173.17292 | D27: =B27*1.1 -> 211.65579
A28: 26 | B28: =Params!B2*EXP(-EXP(Params!B3 - Params!B4*A28)) -> 198.26703 | C28: =B28*0.9 -> 178.44032 | D28: =B28*1.1 -> 218.09373
A29: 27 | B29: =Params!B2*EXP(-EXP(Params!B3 - Params!B4*A29)) -> 203.19109 | C29: =B29*0.9 -> 182.87198 | D29: =B29*1.1 -> 223.5102
A30: 28 | B30: =Params!B2*EXP(-EXP(Params!B3 - Params!B4*A30)) -> 207.31348 | C30: =B30*0.9 -> 186.58214 | D30: =B30*1.1 -> 228.04483

Sheet Checkpoints (Every 4d)
A1: Day | B1: Target FW (g) | C1: Lower (−10%) | D1: Upper (+10%) | E1: Observed Median FW (g) | F1: Deviation (g) | G1: Deviation (%) | H1: Status vs Band | I1: EC Now (mS/cm) | J1: EC Δ (−0.1/0/+0.1) | K1: New EC (mS/cm) | L1: PPFD Now (µmol m⁻² s⁻¹) | M1: PPFD Δ (−/0/+) | N1: New PPFD (µmol m⁻² s⁻¹) | O1: Control Action Notes | P1: Goodness of Fit
A2: 0 | B2: =Params!B2*EXP(-EXP(Params!B3 - Params!B4*A2)) -> 5.0313365e-09 | C2: =B2*0.9 -> 4.5282029e-09 | D2: =B2*1.1 -> 5.5344702e-09 | E2: 3.5 | F2: =E2-B2 -> 3.5 | G2: =IF(B2>0,(E2-B2)/B2,"") -> 6.9564021e+08 | H2: =IF(E2="","",IF(E2<C2,"Below",IF(E2>D2,"Above","Within"))) -> Above | I2: 1.2-1.4 | P2: R² (Observed vs Target)
A3: 4 | B3: =Params!B2*EXP(-EXP(Params!B3 - Params!B4*A3)) -> 0.0037044282 | C3: =B3*0.9 -> 0.0033339854 | D3: =B3*1.1 -> 0.004074871 | E3: 13.1 | F3: =E3-B3 -> 13.096296 | G3: =IF(B3>0,(E3-B3)/B3,"") -> 3535.3082 | H3: =IF(E3="","",IF(E3<C3,"Below",IF(E3>D3,"Above","Within"))) -> Above | I3: 1.2-1.4 | P3: {=IFERROR(RSQ(_xlfn._xlws.FILTER(E2:E9,ISNUMBER(E2:E9)), _xlfn._xlws.FILTER(B2:B9,ISNUMBER(E2:E9))),"")} -> 0.86761539
A4: 8 | B4: =Params!B2*EXP(-EXP(Params!B3 - Params!B4*A4)) -> 1.6030653 | C4: =B4*0.9 -> 1.4427587 | D4: =B4*1.1 -> 1.7633718 | E4: 19.8 | F4: =E4-B4 -> 18.196935 | G4: =IF(B4>0,(E4-B4)/B4,"") -> 11.351337 | H4: =IF(E4="","",IF(E4<C4,"Below",IF(E4>D4,"Above","Within"))) -> Above | I4: 1.2-1.4
A5: 12 | B5: =Params!B2*EXP(-EXP(Params!B3 - Params!B4*A5)) -> 24.518038 | C5: =B5*0.9 -> 22.066234 | D5: =B5*1.1 -> 26.969842 | E5: 27.3 | F5: =E5-B5 -> 2.7819621 | G5: =IF(B5>0,(E5-B5)/B5,"") -> 0.11346593 | H5: =IF(E5="","",IF(E5<C5,"Below",IF(E5>D5,"Above","Within"))) -> Above | I5: 1.4-1.6 | L5: Change | O5: PPFD increased here; keep PPFD fixed thereafter; continue EC-only adjustments.
A6: 16 | B6: =Params!B2*EXP(-EXP(Params!B3 - Params!B4*A6)) -> 83.508633 | C6: =B6*0.9 -> 75.15777 | D6: =B6*1.1 -> 91.859496 | E6: 42.3 | F6: =E6-B6 -> -41.208633 | G6: =IF(B6>0,(E6-B6)/B6,"") -> -0.49346554 | H6: =IF(E6="","",IF(E6<C6,"Below",IF(E6>D6,"Above","Within"))) -> Below | I6: 1.6-1.8
A7: 20 | B7: =Params!B2*EXP(-EXP(Params!B3 - Params!B4*A7)) -> 144.83875 | C7: =B7*0.9 -> 130.35487 | D7: =B7*1.1 -> 159.32262 | E7: 80.8 | F7: =E7-B7 -> -64.03875 | G7: =IF(B7>0,(E7-B7)/B7,"") -> -0.44213824 | H7: =IF(E7="","",IF(E7<C7,"Below",IF(E7>D7,"Above","Within"))) -> Below | I7: 1.8-2.0
A8: 24 | B8: =Params!B2*EXP(-EXP(Params!B3 - Params!B4*A8)) -> 185.49974 | C8: =B8*0.9 -> 166.94977 | D8: =B8*1.1 -> 204.04972 | E8: 139.3 | F8: =E8-B8 -> -46.199744 | G8: =IF(B8>0,(E8-B8)/B8,"") -> -0.24905557 | H8: =IF(E8="","",IF(E8<C8,"Below",IF(E8>D8,"Above","Within"))) -> Below
A9: 28 | B9: =Params!B2*EXP(-EXP(Params!B3 - Params!B4*A9)) -> 207.31348 | C9: =B9*0.9 -> 186.58214 | D9: =B9*1.1 -> 228.04483 | E9: 219.8 | F9: =E9-B9 -> 12.486516 | G9: =IF(B9>0,(E9-B9)/B9,"") -> 0.060230119 | H9: =IF(E9="","",IF(E9<C9,"Below",IF(E9>D9,"Above","Within"))) -> Within

Sheet Dashboard
A1: Lettuce Growth Steering Dashboard
A3: Edit A, b, k in Params. Enter Observed FW in 'Checkpoints (Every 4d)'. Chart updates automatically.
A5: R² (Observed vs Target): | B5: ='Checkpoints (Every 4d)'!P3 -> 0.86761539
